euCode;isoCode;name;language
AD;AD;Andora;pl
AD;AD;Andorra;es
AD;AD;Andorra;it
AD;AD;Andorra;de
AD;AD;Andorra;en
AD;AD;Andorre;fr
AE;AE;Emiratos Árabes Unidos;es
AE;AE;Zjednoczone Emiraty Arabskie;pl
AE;AE;United Arab Emirates;en
AE;AE;Vereinigte Arabische Emirate;de
AE;AE;Emirati arabi uniti;it
AE;AE;Émirats arabes unis;fr
AF;AF;Afganistán;es
AF;AF;Afghanistan;de
AF;AF;Afganistan;pl
AF;AF;Afghanistan;it
AF;AF;Afghanistan;fr
AF;AF;Afghanistan;en
AG;AG;Antigua y Barbuda;es
AG;AG;Antigua i Barbuda;pl
AG;AG;Antigua and Barbuda;en
AG;AG;Antigua und Barbuda;de
AG;AG;Antigua-et-Barbuda;fr
AG;AG;Antigua e Barbuda;it
AI;AI;Anguila;es
AI;AI;Anguilla;de
AI;AI;Anguilla;it
AI;AI;Anguilla;en
AI;AI;Anguilla;pl
AI;AI;Anguilla;fr
AL;AL;Albania;es
AL;AL;Albanien;de
AL;AL;Albania;en
AL;AL;Albania;it
AL;AL;Albania;pl
AL;AL;Albanie;fr
AM;AM;Armenia;pl
AM;AM;Armenia;it
AM;AM;Armenien;de
AM;AM;Armenia;en
AM;AM;Arménie;fr
AM;AM;Armenia;es
AO;AO;Angola;en
AO;AO;Angola;de
AO;AO;Angola;es
AO;AO;Angola;it
AO;AO;Angola;pl
AO;AO;Angola;fr
AQ;AQ;Antártida;es
AQ;AQ;Antarctique;fr
AQ;AQ;Antarktyda;pl
AQ;AQ;Antartide;it
AQ;AQ;Antarktis;de
AQ;AQ;Antarctica;en
AR;AR;Argentinien;de
AR;AR;Argentina;en
AR;AR;Argentina;es
AR;AR;Argentine;fr
AR;AR;Argentyna;pl
AR;AR;Argentina;it
AS;AS;American Samoa;en
AS;AS;Samoa américaines;fr
AS;AS;Samoa Americana;es
AS;AS;Samoa americane;it
AS;AS;Samoa Amerykańskie;pl
AS;AS;Amerikanisch-Samoa;de
AT;AT;Österreich;de
AT;AT;Austria;pl
AT;AT;Austria;en
AT;AT;Autriche;fr
AT;AT;Austria;es
AT;AT;Austria;it
AU;AU;Australia;pl
AU;AU;Australien;de
AU;AU;Australie;fr
AU;AU;Australia;it
AU;AU;Australia;en
AU;AU;Australia;es
AW;AW;Aruba;es
AW;AW;Aruba;en
AW;AW;Aruba;fr
AW;AW;Aruba;de
AW;AW;Aruba;pl
AW;AW;Aruba;it
AX;AX;Îles Åland;fr
AX;AX;Åland Islands;en
AX;AX;Isole Åland;it
AX;AX;Ålandinseln;de
AX;AX;Islas Åland;es
AX;AX;Wyspy Alandzkie;pl
AZ;AZ;Azerbaïdjan;fr
AZ;AZ;Azerbaijan;en
AZ;AZ;Azerbaigian;it
AZ;AZ;Azerbejdżan;pl
AZ;AZ;Aserbaidschan;de
AZ;AZ;Azerbaiyán;es
BA;BA;Bosnia and Herzegovina;en
BA;BA;Bosnien und Herzegowina;de
BA;BA;Bosnie-Herzégovine;fr
BA;BA;Bośnia i Hercegowina;pl
BA;BA;Bosnia y Herzegovina;es
BA;BA;Bosnia-Erzegovina;it
BB;BB;Barbados;en
BB;BB;Barbade;fr
BB;BB;Barbados;es
BB;BB;Barbados;it
BB;BB;Barbados;de
BB;BB;Barbados;pl
BD;BD;Bangladesz;pl
BD;BD;Bangladés;es
BD;BD;Bangladesch;de
BD;BD;Bangladesh;fr
BD;BD;Bangladesh;en
BD;BD;Bangladesh;it
BE;BE;Belgium;en
BE;BE;Belgio;it
BE;BE;Belgia;pl
BE;BE;Belgien;de
BE;BE;Bélgica;es
BE;BE;Belgique;fr
BF;BF;Burkina Faso;de
BF;BF;Burkina Faso;pl
BF;BF;Burkina Faso;en
BF;BF;Burkina Faso;es
BF;BF;Burkina;fr
BF;BF;Burkina Faso;it
BG;BG;Bulgarie;fr
BG;BG;Bulgaria;it
BG;BG;Bulgaria;en
BG;BG;Bulgaria;es
BG;BG;Bułgaria;pl
BG;BG;Bulgarien;de
BH;BH;Bahrain;de
BH;BH;Bahrein;it
BH;BH;Bahrain;en
BH;BH;Bahrajn;pl
BH;BH;Baréin;es
BH;BH;Bahreïn;fr
BI;BI;Burundi;pl
BI;BI;Burundi;en
BI;BI;Burundi;es
BI;BI;Burundi;it
BI;BI;Burundi;fr
BI;BI;Burundi;de
BJ;BJ;Benin;it
BJ;BJ;Benin;de
BJ;BJ;Benin;en
BJ;BJ;Bénin;fr
BJ;BJ;Benin;pl
BJ;BJ;Benín;es
BL;BL;Saint Barthélemy;en
BL;BL;San Bartolomé;es
BL;BL;Saint-Barthélemy;pl
BL;BL;Saint-Barthélemy;fr
BL;BL;Saint-Barthélemy;it
BL;BL;St. Barthélemy;de
BM;BM;Bermuda;en
BM;BM;Bermuda;it
BM;BM;Bermuda;de
BM;BM;Bermudes;fr
BM;BM;Bermudy;pl
BM;BM;Bermudas;es
BN;BN;Brunei;en
BN;BN;Brunei;pl
BN;BN;Brunei Darussalam;de
BN;BN;Brunei;it
BN;BN;Brunéi;es
BN;BN;Brunei;fr
BO;BO;Bolivia;es
BO;BO;Bolivien;de
BO;BO;Bolivia;it
BO;BO;Bolivie;fr
BO;BO;Boliwia;pl
BO;BO;Bolivia;en
BQ;NULL;"Bonaire; Saint Eustatius and Saba";en
BQ;NULL;"Bonaire; Sint Eustatius und Saba";de
BQ;NULL;"Bonaire; Saint-Eustache et Saba";fr
BQ;NULL;"Bonaire; Sant'Eustachio e Saba";it
BQ;NULL;"Bonaire; San Eustaquio y Saba";es
BQ;NULL;"Bonaire; Sint Eustatius i Saba";pl
BR;BR;Brazil;en
BR;BR;Brazylia;pl
BR;BR;Brasil;es
BR;BR;Brasile;it
BR;BR;Brasilien;de
BR;BR;Brésil;fr
BS;BS;Bahamas;fr
BS;BS;Bahamas;es
BS;BS;Bahamas;it
BS;BS;Bahamas;de
BS;BS;Bahamy;pl
BS;BS;Bahamas;en
BT;BT;Bhutan;en
BT;BT;Bhutan;it
BT;BT;Bhutan;de
BT;BT;Bhoutan;fr
BT;BT;Bhutan;pl
BT;BT;Bután;es
BV;BV;Wyspa Bouveta;pl
BV;BV;Bouvet Island;en
BV;BV;Île Bouvet;fr
BV;BV;Isola di Bouvet;it
BV;BV;Bouvetinsel;de
BV;BV;Isla Bouvet;es
BW;BW;Botswana;en
BW;BW;Botsuana;de
BW;BW;Botsuana;es
BW;BW;Botswana;pl
BW;BW;Botswana;fr
BW;BW;Botswana;it
BY;BY;Białoruś;pl
BY;BY;Biélorussie;fr
BY;BY;Bielorussia;it
BY;BY;Belarus;de
BY;BY;Belarus;en
BY;BY;Bielorrusia;es
BZ;BZ;Belice;es
BZ;BZ;Belize;pl
BZ;BZ;Belize;de
BZ;BZ;Belize;fr
BZ;BZ;Belize;en
BZ;BZ;Belize;it
CA;CA;Canada;it
CA;CA;Canada;en
CA;CA;Canadá;es
CA;CA;Kanada;de
CA;CA;Canada;fr
CA;CA;Kanada;pl
CC;CC;Islas Cocos;es
CC;CC;Îles Cocos;fr
CC;CC;Wyspy Kokosowe;pl
CC;CC;Kokosinseln;de
CC;CC;Cocos (Keeling) Islands;en
CC;CC;Isole Cocos;it
CD;CD;République démocratique du Congo;fr
CD;CD;Repubblica democratica del Congo;it
CD;CD;Demokratische Republik Kongo;de
CD;CD;Democratic Republic of the Congo;en
CD;CD;Demokratyczna Republika Konga;pl
CD;CD;República Democrática del Congo;es
CF;CF;República Centroafricana;es
CF;CF;Repubblica centrafricana;it
CF;CF;Republika Środkowoafrykańska;pl
CF;CF;République centrafricaine;fr
CF;CF;Zentralafrikanische Republik;de
CF;CF;Central African Republic;en
CG;CG;Congo;it
CG;CG;Congo;fr
CG;CG;Congo;en
CG;CG;Kongo;pl
CG;CG;Congo;es
CG;CG;Republik Kongo;de
CH;CH;Switzerland;en
CH;CH;Schweiz;de
CH;CH;Szwajcaria;pl
CH;CH;Suiza;es
CH;CH;Svizzera;it
CH;CH;Suisse;fr
CI;CI;Wybrzeże Kości Słoniowej;pl
CI;CI;Costa de Marfil;es
CI;CI;Costa d’Avorio;it
CI;CI;Côte d’Ivoire;de
CI;CI;Côte d’Ivoire;en
CI;CI;Côte d’Ivoire;fr
CK;CK;Isole Cook;it
CK;CK;Cook Islands;en
CK;CK;Wyspy Cooka;pl
CK;CK;Îles Cook;fr
CK;CK;Islas Cook;es
CK;CK;Cookinseln;de
CL;CL;Chili;fr
CL;CL;Cile;it
CL;CL;Chile;pl
CL;CL;Chile;es
CL;CL;Chile;de
CL;CL;Chile;en
CM;CM;Kamerun;pl
CM;CM;Camerún;es
CM;CM;Camerun;it
CM;CM;Cameroun;fr
CM;CM;Kamerun;de
CM;CM;Cameroon;en
CN;CN;China;es
CN;CN;Cina;it
CN;CN;China;en
CN;CN;Chine;fr
CN;CN;Chiny;pl
CN;CN;China;de
CO;CO;Colombie;fr
CO;CO;Colombia;es
CO;CO;Kolumbia;pl
CO;CO;Colombia;en
CO;CO;Kolumbien;de
CO;CO;Colombia;it
CP;CP;Clipperton;pl
CP;CP;Clipperton;it
CP;CP;Clipperton;es
CP;CP;Clipperton;fr
CP;CP;Clipperton;en
CP;CP;Clipperton;de
CR;CR;Kostaryka;pl
CR;CR;Costa Rica;es
CR;CR;Costa Rica;de
CR;CR;Costa Rica;en
CR;CR;Costa Rica;it
CR;CR;Costa Rica;fr
CU;CU;Cuba;fr
CU;CU;Cuba;en
CU;CU;Kuba;de
CU;CU;Cuba;it
CU;CU;Cuba;es
CU;CU;Kuba;pl
CV;CV;Republika Zielonego Przylądka;pl
CV;CV;Cabo Verde;es
CV;CV;Cap-Vert;fr
CV;CV;Capo Verde;it
CV;CV;Kap Verde;de
CV;CV;Cape Verde;en
CW;CW;Curaçao;de
CW;CW;Curaçao;fr
CW;CW;Curazao;es
CW;CW;Curaçao;it
CW;CW;Curaçao;pl
CW;CW;Curaçao;en
CX;CX;Wyspa Bożego Narodzenia;pl
CX;CX;Isla Christmas;es
CX;CX;Weihnachtsinsel;de
CX;CX;Christmas Island;en
CX;CX;Île Christmas;fr
CX;CX;Isola Christmas;it
CY;CY;Cyprus;en
CY;CY;Cypr;pl
CY;CY;Cipro;it
CY;CY;Zypern;de
CY;CY;Chypre;fr
CY;CY;Chipre;es
CZ;CZ;Chequia;es
CZ;CZ;Czechy;pl
CZ;CZ;Tschechien;de
CZ;CZ;Tchéquie;fr
CZ;CZ;Cechia;it
CZ;CZ;Czechia;en
DE;DE;Allemagne;fr
DE;DE;Deutschland;de
DE;DE;Alemania;es
DE;DE;Niemcy;pl
DE;DE;Germany;en
DE;DE;Germania;it
DJ;DJ;Djibouti;fr
DJ;DJ;Yibuti;es
DJ;DJ;Gibuti;it
DJ;DJ;Dschibuti;de
DJ;DJ;Dżibuti;pl
DJ;DJ;Djibouti;en
DK;DK;Dania;pl
DK;DK;Danemark;fr
DK;DK;Dänemark;de
DK;DK;Dinamarca;es
DK;DK;Denmark;en
DK;DK;Danimarca;it
DM;DM;Dominica;de
DM;DM;Dominica;it
DM;DM;Dominika;pl
DM;DM;Dominica;en
DM;DM;Dominica;es
DM;DM;Dominique;fr
DO;DO;Dominican Republic;en
DO;DO;República Dominicana;es
DO;DO;République dominicaine;fr
DO;DO;Republika Dominikańska;pl
DO;DO;Dominikanische Republik;de
DO;DO;Repubblica dominicana;it
DZ;DZ;Algeria;en
DZ;DZ;Argelia;es
DZ;DZ;Algerien;de
DZ;DZ;Algérie;fr
DZ;DZ;Algeria;it
DZ;DZ;Algieria;pl
EC;EC;Ecuador;es
EC;EC;Équateur;fr
EC;EC;Ecuador;de
EC;EC;Ecuador;en
EC;EC;Ecuador;it
EC;EC;Ekwador;pl
EE;EE;Estonia;it
EE;EE;Estonia;en
EE;EE;Estonia;pl
EE;EE;Estland;de
EE;EE;Estonia;es
EE;EE;Estonie;fr
EG;EG;Ägypten;de
EG;EG;Egypt;en
EG;EG;Egipto;es
EG;EG;Égypte;fr
EG;EG;Egitto;it
EG;EG;Egipt;pl
EH;EH;Western Sahara;en
EH;EH;Sahara Zachodnia;pl
EH;EH;Sáhara Occidental;es
EH;EH;Westsahara;de
EH;EH;Sahara occidental;fr
EH;EH;Sahara occidentale;it
EL;GR;Griechenland;de
EL;GR;Grèce;fr
EL;GR;Grecia;it
EL;GR;Grecia;es
EL;GR;Grecja;pl
EL;GR;Greece;en
ER;ER;Eritrea;de
ER;ER;Érythrée;fr
ER;ER;Erytrea;pl
ER;ER;Eritrea;es
ER;ER;Eritrea;en
ER;ER;Eritrea;it
ES;ES;Spanien;de
ES;ES;España;es
ES;ES;Hiszpania;pl
ES;ES;Espagne;fr
ES;ES;Spagna;it
ES;ES;Spain;en
ET;ET;Éthiopie;fr
ET;ET;Äthiopien;de
ET;ET;Etiopia;pl
ET;ET;Etiopia;it
ET;ET;Etiopía;es
ET;ET;Ethiopia;en
FI;FI;Finlandia;it
FI;FI;Finlandia;es
FI;FI;Finland;en
FI;FI;Finlandia;pl
FI;FI;Finnland;de
FI;FI;Finlande;fr
FJ;FJ;Figi;it
FJ;FJ;Fidżi;pl
FJ;FJ;Fidji;fr
FJ;FJ;Fiyi;es
FJ;FJ;Fidschi;de
FJ;FJ;Fiji;en
FK;FK;Falklandinseln (Malwinen);de
FK;FK;Islas Malvinas;es
FK;FK;Falklandy;pl
FK;FK;Falkland Islands;en
FK;FK;Isole Falkland;it
FK;FK;Îles Falkland;fr
FM;FM;Mikronezja;pl
FM;FM;Mikronesien;de
FM;FM;Micronesia;en
FM;FM;Micronesia;es
FM;FM;Micronesia;it
FM;FM;Micronésie;fr
FO;FO;Wyspy Owcze;pl
FO;FO;Fær Øer;it
FO;FO;Färöer;de
FO;FO;Faeroe Islands;en
FO;FO;Islas Feroe;es
FO;FO;Féroé;fr
FR;FR;Frankreich;de
FR;FR;Francia;es
FR;FR;Francia;it
FR;FR;France;fr
FR;FR;Francja;pl
FR;FR;France;en
GA;GA;Gabón;es
GA;GA;Gabon;it
GA;GA;Gabon;fr
GA;GA;Gabon;pl
GA;GA;Gabun;de
GA;GA;Gabon;en
GD;GD;Granada;es
GD;GD;Grenade;fr
GD;GD;Grenada;it
GD;GD;Grenada;pl
GD;GD;Grenada;en
GD;GD;Grenada;de
GE;GE;Georgia;es
GE;GE;Géorgie;fr
GE;GE;Gruzja;pl
GE;GE;Georgia;en
GE;GE;Georgia;it
GE;GE;Georgien;de
GF;GF;Guayana Francesa;es
GF;GF;Guyane (française);fr
GF;GF;French Guiana;en
GF;GF;Guyana francese;it
GF;GF;Französisch-Guayana;de
GF;GF;Gujana Francuska;pl
GG;GG;Guernsey;en
GG;GG;Guernesey;fr
GG;GG;Guernsey;pl
GG;GG;Guernsey;de
GG;GG;Guernesey;es
GG;GG;Guernsey;it
GH;GH;Ghana;de
GH;GH;Ghana;es
GH;GH;Ghana;fr
GH;GH;Ghana;it
GH;GH;Ghana;en
GH;GH;Ghana;pl
GI;GI;Gibraltar;de
GI;GI;Gibraltar;fr
GI;GI;Gibilterra;it
GI;GI;Gibraltar;pl
GI;GI;Gibraltar;en
GI;GI;Gibraltar;es
GL;GL;Groenland;fr
GL;GL;Greenland;en
GL;GL;Grönland;de
GL;GL;Grenlandia;pl
GL;GL;Groenlandia;es
GL;GL;Groenlandia;it
GM;GM;Gambia;it
GM;GM;The Gambia;en
GM;GM;Gambie;fr
GM;GM;Gambia;pl
GM;GM;Gambia;de
GM;GM;Gambia;es
GN;GN;Gwinea;pl
GN;GN;Guinea;es
GN;GN;Guinée;fr
GN;GN;Guinea;it
GN;GN;Guinea;de
GN;GN;Guinea;en
GP;GP;Guadeloupe;de
GP;GP;Guadeloupe;en
GP;GP;Guadalupe;es
GP;GP;Guadeloupe;fr
GP;GP;Guadalupa;it
GP;GP;Gwadelupa;pl
GQ;GQ;Equatorial Guinea;en
GQ;GQ;Guinea Ecuatorial;es
GQ;GQ;Guinée équatoriale;fr
GQ;GQ;Guinea equatoriale;it
GQ;GQ;Gwinea Równikowa;pl
GQ;GQ;Äquatorialguinea;de
GS;GS;Südgeorgien und die Südlichen Sandwichinseln;de
GS;GS;Georgia del Sur e Islas Sandwich del Sur;es
GS;GS;Georgia Południowa i Sandwich Południowy;pl
GS;GS;Georgia del sud e Sandwich australi;it
GS;GS;South Georgia and the South Sandwich Islands;en
GS;GS;Îles Géorgie du Sud et Sandwich du Sud;fr
GT;GT;Guatemala;en
GT;GT;Guatemala;es
GT;GT;Guatemala;it
GT;GT;Gwatemala;pl
GT;GT;Guatemala;fr
GT;GT;Guatemala;de
GU;GU;Guam;pl
GU;GU;Guam;de
GU;GU;Guam;en
GU;GU;Guam;it
GU;GU;Guam;fr
GU;GU;Guam;es
GW;GW;Guinea-Bissau;de
GW;GW;Guinea-Bissau;en
GW;GW;Gwinea Bissau;pl
GW;GW;Guinea-Bissau;it
GW;GW;Guinée-Bissau;fr
GW;GW;Guinea-Bisáu;es
GY;GY;Guyana;it
GY;GY;Gujana;pl
GY;GY;Guyana;en
GY;GY;Guyana;fr
GY;GY;Guyana;de
GY;GY;Guyana;es
HK;HK;Hong Kong;it
HK;HK;Hongkong;de
HK;HK;Hong Kong;es
HK;HK;Hong Kong;fr
HK;HK;Hongkong;pl
HK;HK;Hong Kong;en
HM;HM;Isole Heard e McDonald;it
HM;HM;Heard Island and McDonald Islands;en
HM;HM;Wyspy Heard i McDonalda;pl
HM;HM;Îles Heard et McDonald;fr
HM;HM;Heard und die McDonaldinseln;de
HM;HM;Islas Heard y McDonald;es
HN;HN;Honduras;it
HN;HN;Honduras;de
HN;HN;Honduras;en
HN;HN;Honduras;es
HN;HN;Honduras;pl
HN;HN;Honduras;fr
HR;HR;Croacia;es
HR;HR;Kroatien;de
HR;HR;Croatie;fr
HR;HR;Croazia;it
HR;HR;Chorwacja;pl
HR;HR;Croatia;en
HT;HT;Haiti;pl
HT;HT;Haïti;fr
HT;HT;Haiti;en
HT;HT;Haití;es
HT;HT;Haiti;it
HT;HT;Haiti;de
HU;HU;Hungría;es
HU;HU;Ungarn;de
HU;HU;Hungary;en
HU;HU;Hongrie;fr
HU;HU;Ungheria;it
HU;HU;Węgry;pl
ID;ID;Indonesien;de
ID;ID;Indonesia;it
ID;ID;Indonesia;en
ID;ID;Indonesia;es
ID;ID;Indonésie;fr
ID;ID;Indonezja;pl
IE;IE;Irland;de
IE;IE;Ireland;en
IE;IE;Irlande;fr
IE;IE;Irlanda;es
IE;IE;Irlandia;pl
IE;IE;Irlanda;it
IL;IL;Israel;en
IL;IL;Israel;de
IL;IL;Israel;es
IL;IL;Izrael;pl
IL;IL;Israele;it
IL;IL;Israël;fr
IM;IM;Wyspa Man;pl
IM;IM;Isla de Man;es
IM;IM;Insel Man;de
IM;IM;Isola di Man;it
IM;IM;Île de Man;fr
IM;IM;Isle of Man;en
IN;IN;Indien;de
IN;IN;India;en
IN;IN;Indie;pl
IN;IN;Inde;fr
IN;IN;India;es
IN;IN;India;it
IO;IO;British Indian Ocean Territory;en
IO;IO;Territorio Británico del Océano Índico;es
IO;IO;Brytyjskie Terytorium Oceanu Indyjskiego;pl
IO;IO;Territorio britannico dell’Oceano Indiano;it
IO;IO;Territoire britannique de l’océan Indien;fr
IO;IO;Britisches Territorium im Indischen Ozean;de
IQ;IQ;Iraq;fr
IQ;IQ;Irak;de
IQ;IQ;Iraq;en
IQ;IQ;Irak;es
IQ;IQ;Irak;pl
IQ;IQ;Iraq;it
IR;IR;Iran;pl
IR;IR;Iran;de
IR;IR;Iran;fr
IR;IR;Iran;en
IR;IR;Irán;es
IR;IR;Iran;it
IS;IS;Islande;fr
IS;IS;Iceland;en
IS;IS;Island;de
IS;IS;Islandia;es
IS;IS;Islanda;it
IS;IS;Islandia;pl
IT;IT;Italia;it
IT;IT;Włochy;pl
IT;IT;Italien;de
IT;IT;Italy;en
IT;IT;Italia;es
IT;IT;Italie;fr
JE;JE;Jersey;en
JE;JE;Jersey;pl
JE;JE;Jersey;fr
JE;JE;Jersey;it
JE;JE;Jersey;de
JE;JE;Jersey;es
JM;JM;Jamajka;pl
JM;JM;Jamaika;de
JM;JM;Jamaica;en
JM;JM;Jamaïque;fr
JM;JM;Giamaica;it
JM;JM;Jamaica;es
JO;JO;Jordanien;de
JO;JO;Jordania;pl
JO;JO;Jordania;es
JO;JO;Jordan;en
JO;JO;Jordanie;fr
JO;JO;Giordania;it
JP;JP;Japan;en
JP;JP;Japón;es
JP;JP;Giappone;it
JP;JP;Japon;fr
JP;JP;Japonia;pl
JP;JP;Japan;de
KE;KE;Kenia;de
KE;KE;Kenya;en
KE;KE;Kenia;es
KE;KE;Kenya;it
KE;KE;Kenya;fr
KE;KE;Kenia;pl
KG;KG;Kirgisistan;de
KG;KG;Kirghizstan;fr
KG;KG;Kirghizistan;it
KG;KG;Kirgistan;pl
KG;KG;Kirguistán;es
KG;KG;Kyrgyzstan;en
KH;KH;Kambodscha;de
KH;KH;Cambogia;it
KH;KH;Cambodia;en
KH;KH;Camboya;es
KH;KH;Kambodża;pl
KH;KH;Cambodge;fr
KI;KI;Kiribati;it
KI;KI;Kiribati;fr
KI;KI;Kiribati;pl
KI;KI;Kiribati;en
KI;KI;Kiribati;es
KI;KI;Kiribati;de
KM;KM;Comore;it
KM;KM;Comoras;es
KM;KM;Comores;fr
KM;KM;Komoren;de
KM;KM;Komory;pl
KM;KM;Comoros;en
KN;KN;Saint Kitts e Nevis;it
KN;KN;Saint-Christophe-et-Niévès;fr
KN;KN;St. Kitts und Nevis;de
KN;KN;Saint Kitts and Nevis;en
KN;KN;Saint Kitts i Nevis;pl
KN;KN;San Cristóbal y Nieves;es
KP;KP;Corea del Nord;it
KP;KP;Korea Północna;pl
KP;KP;Nordkorea;de
KP;KP;North Korea;en
KP;KP;Corea del Norte;es
KP;KP;Corée du Nord;fr
KR;KR;Corée du Sud;fr
KR;KR;Corea del Sur;es
KR;KR;Corea del Sud;it
KR;KR;Südkorea;de
KR;KR;South Korea;en
KR;KR;Korea Południowa;pl
KW;KW;Kuwait;de
KW;KW;Kuwait;it
KW;KW;Kuwait;en
KW;KW;Kuwait;es
KW;KW;Koweït;fr
KW;KW;Kuwejt;pl
KY;KY;Islas Caimán;es
KY;KY;Isole Cayman;it
KY;KY;Kaimaninseln;de
KY;KY;Îles Caïmans;fr
KY;KY;Kajmany;pl
KY;KY;Cayman Islands;en
KZ;KZ;Kazakstan;it
KZ;KZ;Kazakhstan;fr
KZ;KZ;Kazachstan;pl
KZ;KZ;Kazakhstan;en
KZ;KZ;Kazajistán;es
KZ;KZ;Kasachstan;de
LA;LA;Laos;it
LA;LA;Demokratische Volksrepublik Laos;de
LA;LA;Laos;pl
LA;LA;Laos;es
LA;LA;Laos;fr
LA;LA;Laos;en
LB;LB;Libano;it
LB;LB;Liban;pl
LB;LB;Liban;fr
LB;LB;Líbano;es
LB;LB;Lebanon;en
LB;LB;Libanon;de
LC;LC;Sainte-Lucie;fr
LC;LC;St. Lucia;de
LC;LC;Santa Lucia;it
LC;LC;Saint Lucia;pl
LC;LC;Santa Lucía;es
LC;LC;Saint Lucia;en
LI;LI;Liechtenstein;es
LI;LI;Liechtenstein;en
LI;LI;Liechtenstein;fr
LI;LI;Liechtenstein;pl
LI;LI;Liechtenstein;de
LI;LI;Liechtenstein;it
LK;LK;Sri Lanka;fr
LK;LK;Sri Lanka;de
LK;LK;Sri Lanka;it
LK;LK;Sri Lanka;pl
LK;LK;Sri Lanka;en
LK;LK;Sri Lanka;es
LR;LR;Liberia;fr
LR;LR;Liberia;en
LR;LR;Liberia;es
LR;LR;Liberia;pl
LR;LR;Liberia;de
LR;LR;Liberia;it
LS;LS;Lesotho;de
LS;LS;Lesotho;fr
LS;LS;Lesotho;it
LS;LS;Lesoto;es
LS;LS;Lesotho;pl
LS;LS;Lesotho;en
LT;LT;Litwa;pl
LT;LT;Litauen;de
LT;LT;Lithuania;en
LT;LT;Lituanie;fr
LT;LT;Lituania;es
LT;LT;Lituania;it
LU;LU;Luxembourg;fr
LU;LU;Lussemburgo;it
LU;LU;Luxembourg;en
LU;LU;Luxemburgo;es
LU;LU;Luksemburg;pl
LU;LU;Luxemburg;de
LV;LV;Latvia;en
LV;LV;Letonia;es
LV;LV;Lettland;de
LV;LV;Lettonia;it
LV;LV;Łotwa;pl
LV;LV;Lettonie;fr
LY;LY;Libya;en
LY;LY;Libye;fr
LY;LY;"Libia; Gran Giamahiria araba libica";it
LY;LY;Libyen;de
LY;LY;Libia;es
LY;LY;Libia;pl
MA;MA;Maroc;fr
MA;MA;Marruecos;es
MA;MA;Maroko;pl
MA;MA;Morocco;en
MA;MA;Marocco;it
MA;MA;Marokko;de
MC;MC;Mónaco;es
MC;MC;Monaco;it
MC;MC;Monaco;en
MC;MC;Monaco;fr
MC;MC;Monako;pl
MC;MC;Monaco;de
MD;MD;Moldova;it
MD;MD;Moldavia;es
MD;MD;Mołdawia;pl
MD;MD;Moldova;en
MD;MD;Moldavie;fr
MD;MD;Moldau;de
ME;ME;Montenegro;en
ME;ME;Monténégro;fr
ME;ME;Montenegro;es
ME;ME;Montenegro;it
ME;ME;Czarnogóra;pl
ME;ME;Montenegro;de
MF;MF;San Martín;es
MF;MF;St. Martin;de
MF;MF;Saint Martin;en
MF;MF;Saint Martin;pl
MF;MF;Saint-Martin;it
MF;MF;Saint-Martin;fr
MG;MG;Madagascar;fr
MG;MG;Madagascar;it
MG;MG;Madagascar;en
MG;MG;Madagascar;es
MG;MG;Madagaskar;pl
MG;MG;Madagaskar;de
MH;MH;Îles Marshall;fr
MH;MH;Marshall Islands;en
MH;MH;Isole Marshall;it
MH;MH;Marshallinseln;de
MH;MH;Wyspy Marshalla;pl
MH;MH;Islas Marshall;es
MK;MK;Macedonia del Nord;it
MK;MK;Macédoine du Nord;fr
MK;MK;Nordmazedonien;de
MK;MK;North Macedonia;en
MK;MK;Macedonia del Norte;es
MK;MK;Macedonia Północna;pl
ML;ML;Mali;es
ML;ML;Mali;fr
ML;ML;Mali;it
ML;ML;Mali;de
ML;ML;Mali;en
ML;ML;Mali;pl
MM;MM;Myanmar/Birma;de
MM;MM;Myanmar/Birmania;es
MM;MM;Mjanma/Birma;pl
MM;MM;Myanmar/Burma;en
MM;MM;Myanmar/Birmanie;fr
MM;MM;Myanmar/Birmania;it
MN;MN;Mongolia;en
MN;MN;Mongolia;es
MN;MN;Mongolie;fr
MN;MN;Mongolei;de
MN;MN;Mongolia;pl
MN;MN;Mongolia;it
MO;MO;Macao;fr
MO;MO;Macao;it
MO;MO;Macao;en
MO;MO;Makau;pl
MO;MO;Macau;de
MO;MO;Macao;es
MP;MP;Nördliche Marianen;de
MP;MP;Northern Mariana Islands;en
MP;MP;Islas Marianas del Norte;es
MP;MP;Isole Marianne settentrionali;it
MP;MP;Mariany Północne;pl
MP;MP;Îles Mariannes du Nord;fr
MQ;MQ;Martinica;it
MQ;MQ;Martinique;en
MQ;MQ;Martinique;fr
MQ;MQ;Martinique;de
MQ;MQ;Martinica;es
MQ;MQ;Martynika;pl
MR;MR;Mauretanien;de
MR;MR;Mauritania;en
MR;MR;Mauritania;it
MR;MR;Mauretania;pl
MR;MR;Mauritania;es
MR;MR;Mauritanie;fr
MS;MS;Montserrat;es
MS;MS;Montserrat;fr
MS;MS;Montserrat;it
MS;MS;Montserrat;pl
MS;MS;Montserrat;de
MS;MS;Montserrat;en
MT;MT;Malte;fr
MT;MT;Malta;pl
MT;MT;Malta;de
MT;MT;Malta;en
MT;MT;Malta;es
MT;MT;Malta;it
MU;MU;Mauritius;en
MU;MU;Mauritius;pl
MU;MU;Mauricio;es
MU;MU;Maurice;fr
MU;MU;Mauritius;de
MU;MU;Maurizio;it
MV;MV;Maldivas;es
MV;MV;Maldives;en
MV;MV;Maldives;fr
MV;MV;Malediven;de
MV;MV;Maldive;it
MV;MV;Malediwy;pl
MW;MW;Malawi;de
MW;MW;Malawi;en
MW;MW;Malawi;fr
MW;MW;Malawi;it
MW;MW;Malaui;es
MW;MW;Malawi;pl
MX;MX;México;es
MX;MX;Mexiko;de
MX;MX;Meksyk;pl
MX;MX;Mexique;fr
MX;MX;Mexico;en
MX;MX;Messico;it
MY;MY;Malaisie;fr
MY;MY;Malezja;pl
MY;MY;Malasia;es
MY;MY;Malaysia;de
MY;MY;Malaysia;en
MY;MY;Malaysia;it
MZ;MZ;Mozambique;fr
MZ;MZ;Mozambique;en
MZ;MZ;Mozambik;pl
MZ;MZ;Mozambique;es
MZ;MZ;Mosambik;de
MZ;MZ;Mozambico;it
NA;NA;Namibia;en
NA;NA;Namibia;it
NA;NA;Namibia;es
NA;NA;Namibia;pl
NA;NA;Namibie;fr
NA;NA;Namibia;de
NC;NC;New Caledonia;en
NC;NC;Nuova Caledonia;it
NC;NC;Nueva Caledonia;es
NC;NC;Nouvelle-Calédonie;fr
NC;NC;Neukaledonien;de
NC;NC;Nowa Kaledonia;pl
NE;NE;Niger;it
NE;NE;Niger;pl
NE;NE;Niger;en
NE;NE;Niger;de
NE;NE;Níger;es
NE;NE;Niger;fr
NF;NF;Wyspa Norfolk;pl
NF;NF;Isola Norfolk;it
NF;NF;Isla Norfolk;es
NF;NF;Île Norfolk;fr
NF;NF;Norfolk Island;en
NF;NF;Norfolkinsel;de
NG;NG;Nigeria;pl
NG;NG;Nigeria;es
NG;NG;Nigeria;fr
NG;NG;Nigeria;it
NG;NG;Nigeria;en
NG;NG;Nigeria;de
NI;NI;Nicaragua;en
NI;NI;Nicaragua;de
NI;NI;Nicaragua;es
NI;NI;Nicaragua;it
NI;NI;Nicaragua;fr
NI;NI;Nikaragua;pl
NL;NL;Niederlande;de
NL;NL;Pays-Bas;fr
NL;NL;Países Bajos;es
NL;NL;Paesi Bassi;it
NL;NL;Niderlandy;pl
NL;NL;Netherlands;en
NO;NO;Norvegia;it
NO;NO;Norvège;fr
NO;NO;Norwegia;pl
NO;NO;Norway;en
NO;NO;Norwegen;de
NO;NO;Noruega;es
NP;NP;Népal;fr
NP;NP;Nepal;de
NP;NP;Nepal;it
NP;NP;Nepal;en
NP;NP;Nepal;pl
NP;NP;Nepal;es
NR;NR;Nauru;es
NR;NR;Nauru;en
NR;NR;Nauru;it
NR;NR;Nauru;fr
NR;NR;Nauru;de
NR;NR;Nauru;pl
NU;NU;Niue;fr
NU;NU;Niue;en
NU;NU;Niue;es
NU;NU;Niue;it
NU;NU;Niue;pl
NU;NU;Niue;de
NZ;NZ;Nueva Zelanda;es
NZ;NZ;Nuova Zelanda;it
NZ;NZ;Neuseeland;de
NZ;NZ;Nouvelle-Zélande;fr
NZ;NZ;New Zealand;en
NZ;NZ;Nowa Zelandia;pl
OM;OM;Omán;es
OM;OM;Oman;it
OM;OM;Oman;pl
OM;OM;Oman;de
OM;OM;Oman;fr
OM;OM;Oman;en
PA;PA;Panama;de
PA;PA;Panama;fr
PA;PA;Panamá;es
PA;PA;Panama;pl
PA;PA;Panama;it
PA;PA;Panama;en
PE;PE;Perú;it
PE;PE;Peru;en
PE;PE;Perú;es
PE;PE;Pérou;fr
PE;PE;Peru;de
PE;PE;Peru;pl
PF;PF;Polinesia francese;it
PF;PF;Polinezja Francuska;pl
PF;PF;Französisch-Polynesien;de
PF;PF;Polinesia Francesa;es
PF;PF;Polynésie française;fr
PF;PF;French Polynesia;en
PG;PG;Papua New Guinea;en
PG;PG;Papouasie - Nouvelle-Guinée;fr
PG;PG;Papua Nuova Guinea;it
PG;PG;Papua-Neuguinea;de
PG;PG;Papúa Nueva Guinea;es
PG;PG;Papua-Nowa Gwinea;pl
PH;PH;Philippinen;de
PH;PH;Filipiny;pl
PH;PH;Philippines;en
PH;PH;Philippines;fr
PH;PH;Filippine;it
PH;PH;Filipinas;es
PK;PK;Pakistan;en
PK;PK;Pakistan;fr
PK;PK;Pakistán;es
PK;PK;Pakistan;de
PK;PK;Pakistan;pl
PK;PK;Pakistan;it
PL;PL;Pologne;fr
PL;PL;Polen;de
PL;PL;Poland;en
PL;PL;Polonia;it
PL;PL;Polonia;es
PL;PL;Polska;pl
PM;PM;Saint Pierre e Miquelon;it
PM;PM;St. Pierre und Miquelon;de
PM;PM;Saint-Pierre-et-Miquelon;fr
PM;PM;Saint-Pierre i Miquelon;pl
PM;PM;Saint Pierre and Miquelon;en
PM;PM;San Pedro y Miquelón;es
PN;PN;Pitcairninseln;de
PN;PN;Isole Pitcairn;it
PN;PN;Pitcairn Islands;en
PN;PN;Îles Pitcairn;fr
PN;PN;Pitcairn;pl
PN;PN;Islas Pitcairn;es
PR;PR;Portorico;it
PR;PR;Puerto Rico;es
PR;PR;Puerto Rico;en
PR;PR;Porto Rico;fr
PR;PR;Portoryko;pl
PS;PS;Palestina;es
PS;PS;Palestine;en
PS;PS;Palestine;fr
PS;PS;Palästina;de
PS;PS;Palestyna;pl
PS;PS;Palestina;it
PT;PT;Portugal;en
PT;PT;Portogallo;it
PT;PT;Portugal;de
PT;PT;Portugal;es
PT;PT;Portugal;fr
PT;PT;Portugalia;pl
PW;PW;Palaos;es
PW;PW;Palau;it
PW;PW;Palaos;fr
PW;PW;Palau;en
PW;PW;Palau;pl
PW;PW;Palau;de
PY;PY;Paraguay;fr
PY;PY;Paragwaj;pl
PY;PY;Paraguay;de
PY;PY;Paraguay;en
PY;PY;Paraguay;es
PY;PY;Paraguay;it
QA;QA;Katar;de
QA;QA;Katar;pl
QA;QA;Qatar;en
QA;QA;Qatar;it
QA;QA;Qatar;es
QA;QA;Qatar;fr
RE;RE;Riunione;it
RE;RE;Reunión;es
RE;RE;Réunion;en
RE;RE;La Réunion;fr
RE;RE;Reunion;pl
RE;RE;Réunion;de
RO;RO;Rumunia;pl
RO;RO;Romania;en
RO;RO;Roumanie;fr
RO;RO;Rumanía;es
RO;RO;Romania;it
RO;RO;Rumänien;de
RS;RS;Serbia;pl
RS;RS;Serbie;fr
RS;RS;Serbien;de
RS;RS;Serbia;it
RS;RS;Serbia;es
RS;RS;Serbia;en
RU;RU;Russia;it
RU;RU;Russia;en
RU;RU;Russie;fr
RU;RU;Russland;de
RU;RU;Rusia;es
RU;RU;Rosja;pl
RW;RW;Ruanda;es
RW;RW;Rwanda;en
RW;RW;Ruanda;it
RW;RW;Rwanda;fr
RW;RW;Ruanda;de
RW;RW;Rwanda;pl
SA;SA;Arabie saoudite;fr
SA;SA;Arabia Saudyjska;pl
SA;SA;Saudi Arabia;en
SA;SA;Arabia Saudita;it
SA;SA;Arabia Saudí;es
SA;SA;Saudi-Arabien;de
SB;SB;Salomonen;de
SB;SB;Solomon Islands;en
SB;SB;Wyspy Salomona;pl
SB;SB;Salomone;it
SB;SB;Islas Salomón;es
SB;SB;Îles Salomon;fr
SC;SC;Seychelles;fr
SC;SC;Seszele;pl
SC;SC;Seychelles;it
SC;SC;Seychellen;de
SC;SC;Seychelles;es
SC;SC;Seychelles;en
SD;SD;Sudan;en
SD;SD;Soudan;fr
SD;SD;Sudan;it
SD;SD;Sudan;pl
SD;SD;Sudán;es
SD;SD;Sudan;de
SE;SE;Suède;fr
SE;SE;Sweden;en
SE;SE;Szwecja;pl
SE;SE;Svezia;it
SE;SE;Schweden;de
SE;SE;Suecia;es
SG;SG;Singapore;en
SG;SG;Singapur;es
SG;SG;Singapur;pl
SG;SG;Singapour;fr
SG;SG;Singapur;de
SG;SG;Singapore;it
SH;SH;Saint Helena;en
SH;SH;Sainte-Hélène;fr
SH;SH;Santa Elena;es
SH;SH;Sant’Elena;it
SH;SH;St. Helena;de
SH;SH;Święta Helena;pl
SI;SI;Slowenien;de
SI;SI;Slovenia;it
SI;SI;Slovenia;en
SI;SI;Słowenia;pl
SI;SI;Eslovenia;es
SI;SI;Slovénie;fr
SJ;SJ;Svalbard e Jan Mayen;it
SJ;SJ;Svalbard und Jan Mayen;de
SJ;SJ;Svalbard et Jan Mayen;fr
SJ;SJ;Svalbard i Jan Mayen;pl
SJ;SJ;Svalbard and Jan Mayen;en
SJ;SJ;Svalbard y Jan Mayen;es
SK;SK;Słowacja;pl
SK;SK;Slovacchia;it
SK;SK;Eslovaquia;es
SK;SK;Slowakei;de
SK;SK;Slovakia;en
SK;SK;Slovaquie;fr
SL;SL;Sierra Leona;es
SL;SL;Sierra Leone;de
SL;SL;Sierra Leone;fr
SL;SL;Sierra Leone;it
SL;SL;Sierra Leone;pl
SL;SL;Sierra Leone;en
SM;SM;San Marino;pl
SM;SM;Saint-Marin;fr
SM;SM;San Marino;en
SM;SM;San Marino;it
SM;SM;San Marino;de
SM;SM;San Marino;es
SN;SN;Senegal;de
SN;SN;Senegal;pl
SN;SN;Senegal;es
SN;SN;Senegal;en
SN;SN;Sénégal;fr
SN;SN;Senegal;it
SO;SO;Somalia;pl
SO;SO;Somalia;it
SO;SO;Somalia;es
SO;SO;Somalia;de
SO;SO;Somalia;en
SO;SO;Somalie;fr
SR;SR;Suriname;de
SR;SR;Surinam;es
SR;SR;Suriname;it
SR;SR;Suriname;fr
SR;SR;Suriname;en
SR;SR;Surinam;pl
SS;SS;Soudan du Sud;fr
SS;SS;Sudan Południowy;pl
SS;SS;Südsudan;de
SS;SS;South Sudan;en
SS;SS;Sudán del Sur;es
SS;SS;Sud Sudan;it
ST;ST;São Tomé und Príncipe;de
ST;ST;São Tomé and Príncipe;en
ST;ST;Wyspy Świętego Tomasza i Książęca;pl
ST;ST;Sao Tomé-et-Principe;fr
ST;ST;Sao Tomé e Principe;it
ST;ST;Santo Tomé y Príncipe;es
SV;SV;El Salvador;de
SV;SV;El Salvador;it
SV;SV;Salwador;pl
SV;SV;El Salvador;es
SV;SV;El Salvador;en
SV;SV;El Salvador;fr
SX;SX;Sint Maarten;it
SX;SX;San Martín;es
SX;SX;Sint Maarten;en
SX;SX;Sint Maarten;pl
SX;SX;St. Martin;de
SX;SX;Sint-Maarten;fr
SY;SY;Syria;en
SY;SY;Siria;es
SY;SY;Syrie;fr
SY;SY;Syrien;de
SY;SY;Syria;pl
SY;SY;Siria;it
SZ;SZ;Eswatini;es
SZ;SZ;Eswatini;fr
SZ;SZ;Eswatini;pl
SZ;SZ;Eswatini;de
SZ;SZ;Eswatini;en
SZ;SZ;Eswatini;it
TC;TC;Îles Turks-et-;fr
TC;TC;Wyspy Turks i Caicos;pl
TC;TC;Turks and Caicos Islands;en
TC;TC;Isole Turks e Caicos;it
TC;TC;Turks- und Caicosinseln;de
TC;TC;Islas Turcas y Caicos;es
TD;TD;Tschad;de
TD;TD;Chad;en
TD;TD;Ciad;it
TD;TD;Chad;es
TD;TD;Czad;pl
TD;TD;Tchad;fr
TF;TF;French Southern and Antarctic Lands;en
TF;TF;Terres australes et antarctiques françaises;fr
TF;TF;Terre australi e antartiche francesi;it
TF;TF;Francuskie Terytoria Południowe i Antarktyczne;pl
TF;TF;Territorios Australes Franceses;es
TF;TF;Französische Süd- und Antarktisgebiete;de
TG;TG;Togo;en
TG;TG;Togo;fr
TG;TG;Togo;pl
TG;TG;Togo;it
TG;TG;Togo;es
TG;TG;Togo;de
TH;TH;Thailand;de
TH;TH;Thailandia;it
TH;TH;Tajlandia;pl
TH;TH;Thaïlande;fr
TH;TH;Thailand;en
TH;TH;Tailandia;es
TJ;TJ;Tadschikistan;de
TJ;TJ;Tadjikistan;fr
TJ;TJ;Tagikistan;it
TJ;TJ;Tajikistan;en
TJ;TJ;Tadżykistan;pl
TJ;TJ;Tayikistán;es
TK;TK;Tokélaou;fr
TK;TK;Tokelau;pl
TK;TK;Tokelau;es
TK;TK;Tokelau;en
TK;TK;Tokelau;de
TK;TK;Tokelau;it
TL;TL;Timor-Leste;de
TL;TL;Timor Oriental;es
TL;TL;Timor-Oriental;fr
TL;TL;Timor-Leste;en
TL;TL;Timor Leste;it
TL;TL;Timor Wschodni;pl
TM;TM;Turkmenistan;en
TM;TM;Turkmenistan;it
TM;TM;Turkmenistan;pl
TM;TM;Turkmenistán;es
TM;TM;Turkmenistan;de
TM;TM;Turkménistan;fr
TN;TN;Túnez;es
TN;TN;Tunezja;pl
TN;TN;Tunisia;en
TN;TN;Tunisie;fr
TN;TN;Tunisia;it
TN;TN;Tunesien;de
TO;TO;Tonga;en
TO;TO;Tonga;it
TO;TO;Tonga;es
TO;TO;Tonga;fr
TO;TO;Tonga;pl
TO;TO;Tonga;de
TR;TR;Turkey;en
TR;TR;Turchia;it
TR;TR;Turquía;es
TR;TR;Türkei;de
TR;TR;Turcja;pl
TR;TR;Turquie;fr
TT;TT;Trinidad y Tobago;es
TT;TT;Trinité-et-Tobago;fr
TT;TT;Trinidad und Tobago;de
TT;TT;Trynidad i Tobago;pl
TT;TT;Trinidad and Tobago;en
TT;TT;Trinidad e Tobago;it
TV;TV;Tuvalu;fr
TV;TV;Tuvalu;es
TV;TV;Tuvalu;en
TV;TV;Tuvalu;de
TV;TV;Tuvalu;pl
TV;TV;Tuvalu;it
TW;TW;Taiwan;en
TW;TW;Taïwan;fr
TW;TW;Taiwan;it
TW;TW;Tajwan;pl
TW;TW;Taiwan;de
TW;TW;Taiwán;es
TZ;TZ;Tanzania;it
TZ;TZ;Tanzania;pl
TZ;TZ;Tanzania;es
TZ;TZ;Tansania;de
TZ;TZ;Tanzania;en
TZ;TZ;Tanzanie;fr
UA;UA;Ukraine;en
UA;UA;Ucraina;it
UA;UA;Ukraine;de
UA;UA;Ukraina;pl
UA;UA;Ucrania;es
UA;UA;Ukraine;fr
UG;UG;Uganda;de
UG;UG;Uganda;pl
UG;UG;Uganda;en
UG;UG;Ouganda;fr
UG;UG;Uganda;es
UG;UG;Uganda;it
UK;GB;Reino Unido;es
UK;GB;Vereinigtes Königreich;de
UK;GB;United Kingdom;en
UK;GB;Regno Unito;it
UK;GB;Royaume-Uni;fr
UK;GB;Zjednoczone Królestwo;pl
UM;UM;Małe Oddalone Wyspy Stanów Zjednoczonych;pl
UM;UM;Kleinere Amerikanische Überseeinseln;de
UM;UM;United States Minor Outlying Islands;en
UM;UM;Islas menores alejadas de los Estados Unidos;es
UM;UM;Îles mineures éloignées des États-Unis;fr
UM;UM;Isole minori periferiche degli Stati Uniti;it
US;US;Vereinigte Staaten;de
US;US;United States;en
US;US;Stany Zjednoczone;pl
US;US;Stati Uniti;it
US;US;États-Unis;fr
US;US;Estados Unidos;es
UY;UY;Uruguay;it
UY;UY;Uruguay;fr
UY;UY;Uruguay;es
UY;UY;Uruguay;de
UY;UY;Uruguay;en
UY;UY;Urugwaj;pl
UZ;UZ;Uzbekistan;en
UZ;UZ;Uzbekistan;pl
UZ;UZ;Usbekistan;de
UZ;UZ;Uzbekistan;it
UZ;UZ;Uzbekistán;es
UZ;UZ;Ouzbékistan;fr
VA;VA;Holy See/Vatican City;en
VA;VA;Stolica Apostolska;pl
VA;VA;Saint-Siège/État de la Cité du Vatican;fr
VA;VA;Santa Sede / Estado de la Ciudad del Vaticano;es
VA;VA;Heiliger Stuhl/Vatikanstadt;de
VA;VA;Santa Sede/Stato della Città del Vaticano;it
VC;VC;Saint-Vincent-et-les-Grenadines;fr
VC;VC;Saint Vincent i Grenadyny;pl
VC;VC;San Vicente y las Granadinas;es
VC;VC;Saint Vincent e Grenadine;it
VC;VC;Saint Vincent and the Grenadines;en
VC;VC;St. Vincent und die Grenadinen;de
VE;VE;Venezuela;en
VE;VE;Venezuela;it
VE;VE;Venezuela;de
VE;VE;Wenezuela;pl
VE;VE;Venezuela;es
VE;VE;Venezuela;fr
VG;VG;British Virgin Islands;en
VG;VG;Îles Vierges britanniques;fr
VG;VG;Islas Vírgenes Británicas;es
VG;VG;Brytyjskie Wyspy Dziewicze;pl
VG;VG;Britische Jungferninseln;de
VG;VG;Isole Vergini britanniche;it
VI;VI;US Virgin Islands;en
VI;VI;Wyspy Dziewicze Stanów Zjednoczonych;pl
VI;VI;Islas Vírgenes de los Estados Unidos;es
VI;VI;Îles Vierges américaines;fr
VI;VI;Amerikanische Jungferninseln;de
VI;VI;Isole Vergini americane;it
VN;VN;Viêt Nam;fr
VN;VN;Vietnam;de
VN;VN;Vietnam;en
VN;VN;Vietnam;it
VN;VN;Vietnam;es
VN;VN;Wietnam;pl
VU;VU;Vanuatu;fr
VU;VU;Vanuatu;it
VU;VU;Vanuatu;pl
VU;VU;Vanuatu;de
VU;VU;Vanuatu;en
VU;VU;Vanuatu;es
WF;WF;Wallis-et-Futuna;fr
WF;WF;Wallis y Futuna;es
WF;WF;Wallis e Futuna;it
WF;WF;Wallis und Futuna;de
WF;WF;Wallis and Futuna;en
WF;WF;Wallis i Futuna;pl
WS;WS;Samoa;es
WS;WS;Samoa;pl
WS;WS;Samoa occidentali;it
WS;WS;Samoa;fr
WS;WS;Samoa;en
WS;WS;Samoa;de
XK;NULL;Kosovo;fr
XK;NULL;Kosovo;es
XK;NULL;Kosovo;de
XK;NULL;Kosovo;en
XK;NULL;Kosovo;it
XK;NULL;Kosowo;pl
YE;YE;Yemen;es
YE;YE;Yemen;it
YE;YE;Yémen;fr
YE;YE;Jemen;de
YE;YE;Yemen;en
YE;YE;Jemen;pl
YT;YT;Mayotte;it
YT;YT;Majotta;pl
YT;YT;Mayotte;fr
YT;YT;Mayotte;es
YT;YT;Mayotte;de
YT;YT;Mayotte;en
ZA;ZA;Sud Africa;it
ZA;ZA;Republika Południowej Afryki;pl
ZA;ZA;Sudáfrica;es
ZA;ZA;Südafrika;de
ZA;ZA;South Africa;en
ZA;ZA;Afrique du Sud;fr
ZM;ZM;Sambia;de
ZM;ZM;Zambia;en
ZM;ZM;Zambie;fr
ZM;ZM;Zambia;pl
ZM;ZM;Zambia;it
ZM;ZM;Zambia;es
ZW;ZW;Zimbabwe;fr
ZW;ZW;Zimbabwe;en
ZW;ZW;Simbabwe;de
ZW;ZW;Zimbabue;es
